Region,Country Name,Mobile users per capita,Population,Year,Migration: Top 3 destinations,Migration: Top 3 sources
Asia,Afghanistan,0.0,25950816,2000,"[('Iran, Islamic Rep.', 762129.0), ('Kuwait', 88350.0), ('United States', 44893.0)]","[('Bangladesh', 41817.0), ('Pakistan', 14877.0), ('Nepal', 7169.0)]"
Europe,Albania,0.01,3071856,2000,"[('Greece', 420838.0), ('Italy', 275300.0), ('Germany', 221897.0)]","[('Greece', 67508.0), ('Macedonia, FYR', 5396.0), ('Hungary', 599.0)]"
Africa,Algeria,0.0,30533827,2000,"[('France', 1057135.0), ('Israel', 46734.0), ('United Kingdom', 40555.0)]","[('Morocco', 41770.0), ('France', 28772.0), ('Tunisia', 5426.0)]"
Oceania,American Samoa,0.03,57625,2000,"[('United States', 16339.0), ('Samoa', 1920.0), ('New Zealand', 391.0)]","[('Samoa', 17777.0), ('United States', 3605.0), ('Tonga', 1150.0)]"
Europe,Andorra,0.36,64634,2000,"[('Spain', 2888.0), ('France', 394.0), ('Portugal', 371.0)]","[('Spain', 24505.0), ('Portugal', 8513.0), ('France', 4346.0)]"
Africa,Angola,0.0,13926373,2000,"[('Portugal', 167578.0), ('Namibia', 52200.0), ('United Kingdom', 33459.0)]","[('Portugal', 10113.0), ('Cape Verde', 6780.0), ('Sao Tome and Principe', 5915.0)]"
The Americas,Antigua and Barbuda,0.28,77656,2000,"[('United States', 19151.0), ('Philippines', 5791.0), ('Virgin Islands (U.S.)', 4842.0)]","[('Guyana', 3638.0), ('Dominica', 2675.0), ('Jamaica', 2249.0)]"
The Americas,Argentina,0.18,36930709,2000,"[('United States', 133210.0), ('Spain', 83803.0), ('Paraguay', 64284.0)]","[('Paraguay', 331688.0), ('Bolivia', 237213.0), ('Italy', 224155.0)]"
Asia,Armenia,0.01,3076098,2000,"[('Russian Federation', 481328.0), ('United States', 99985.0), ('Azerbaijan', 89898.0)]","[('Azerbaijan', 115689.0), ('Georgia', 66796.0), ('Russian Federation', 29077.0)]"
The Americas,Aruba,0.17,90271,2000,"[('Netherlands Antilles', 3317.0), ('United States', 2101.0), ('Netherlands', 1104.0)]","[('Colombia', 7047.0), ('Netherlands', 3678.0), ('Dominican Republic', 3630.0)]"
Oceania,Australia,0.45,19153000,2000,"[('United Kingdom', 113700.0), ('United States', 74459.0), ('New Zealand', 56375.0)]","[('United Kingdom', 1026553.0), ('New Zealand', 350498.0), ('Italy', 216676.0)]"
Europe,Austria,0.76,8011566,2000,"[('Germany', 189096.0), ('United States', 72126.0), ('Serbia and Montenegro', 61465.0)]","[('Serbia and Montenegro', 187588.0), ('Turkey', 179638.0), ('Bosnia and Herzegovina', 152381.0)]"
Asia,Azerbaijan,0.05,8048600,2000,"[('Russian Federation', 846104.0), ('Israel', 225396.0), ('Armenia', 115689.0)]","[('Russian Federation', 106281.0), ('Armenia', 89898.0), ('Ukraine', 20764.0)]"
The Americas,"Bahamas, The",0.11,297651,2000,"[('United States', 30465.0), ('Canada', 1419.0), ('Turks and Caicos Islands', 940.0)]","[('Haiti', 12703.0), ('United States', 4989.0), ('Jamaica', 3256.0)]"
Middle East,Bahrain,0.32,638193,2000,"[('Thailand', 9980.0), ('Philippines', 8252.0), ('Indonesia', 4388.0)]","[('India', 39310.0), ('Afghanistan', 34419.0), ('Pakistan', 24149.0)]"
Asia,Bangladesh,0.0,129592275,2000,"[('India', 3789377.0), ('Saudi Arabia', 366007.0), ('United Kingdom', 163655.0)]","[('India', 936151.0), ('Pakistan', 19837.0), ('Nepal', 4004.0)]"
The Americas,Barbados,0.11,267511,2000,"[('United States', 54282.0), ('Canada', 14677.0), ('United Kingdom', 8194.0)]","[('St. Vincent and the Grenadines', 4401.0), ('St. Lucia', 3970.0), ('United Kingdom', 3576.0)]"
Europe,Belarus,0.0,10005000,2000,"[('Russian Federation', 935782.0), ('Ukraine', 270751.0), ('Poland', 113204.0)]","[('Russian Federation', 549738.0), ('Poland', 291909.0), ('Ukraine', 187293.0)]"
Europe,Belgium,0.55,10251250,2000,"[('France', 53553.0), ('Netherlands', 43999.0), ('United States', 41849.0)]","[('Italy', 203181.0), ('France', 113542.0), ('Morocco', 110962.0)]"
The Americas,Belize,0.07,249800,2000,"[('United States', 44013.0), ('Canada', 1472.0), ('France', 1262.0)]","[('Guatemala', 14672.0), ('El Salvador', 6038.0), ('Honduras', 4954.0)]"
Africa,Benin,0.01,6517810,2000,"[('Nigeria', 157826.0), ('Togo', 64427.0), (""Cote d'Ivoire"", 60847.0)]","[('Niger', 45137.0), ('Togo', 28664.0), ('Nigeria', 26569.0)]"
The Americas,Bermuda,0.21,62100,2000,"[('United States', 15254.0), ('Canada', 2128.0), ('Australia', 362.0)]","[('United Kingdom', 4818.0), ('United States', 3537.0), ('Canada', 2630.0)]"
Asia,Bhutan,0.0,571262,2000,"[('India', 7945.0), ('Nepal', 2362.0), ('Pakistan', 398.0)]","[('India', 30431.0), ('China', 616.0), ('Nepal', 488.0)]"
The Americas,Bolivia,0.07,8307248,2000,"[('Argentina', 237213.0), ('United States', 53658.0), ('Brazil', 20394.0)]","[('Argentina', 27612.0), ('Brazil', 14708.0), ('Mexico', 9557.0)]"
Europe,Bosnia and Herzegovina,0.03,3693698,2000,"[('Croatia', 459328.0), ('Germany', 186646.0), ('Austria', 152381.0)]","[('Germany', 15540.0), ('Austria', 4894.0), ('Greece', 3530.0)]"
Africa,Botswana,0.13,1757925,2000,"[('South Africa', 17676.0), ('Malawi', 8438.0), ('Mozambique', 3892.0)]","[('Mozambique', 11355.0), ('Malawi', 6380.0), ('Zimbabwe', 5444.0)]"
The Americas,Brazil,0.13,174425387,2000,"[('Japan', 242246.0), ('United States', 225330.0), ('Paraguay', 82987.0)]","[('Portugal', 212917.0), ('Japan', 70837.0), ('Italy', 54958.0)]"
Asia,Brunei Darussalam,0.29,327036,2000,"[('India', 30378.0), ('Malaysia', 5007.0), ('Canada', 4280.0)]","[('Malaysia', 58104.0), ('Philippines', 11170.0), ('Thailand', 9412.0)]"
Europe,Bulgaria,0.09,8170172,2000,"[('Turkey', 480716.0), ('United States', 36019.0), ('Greece', 33726.0)]","[('Russian Federation', 29185.0), ('Romania', 16801.0), ('Ukraine', 7794.0)]"
Africa,Burkina Faso,0.0,12294012,2000,"[(""Cote d'Ivoire"", 1252098.0), ('Ghana', 31964.0), ('Niger', 27134.0)]","[(""Cote d'Ivoire"", 418038.0), ('Mali', 64438.0), ('Ghana', 42086.0)]"
Africa,Burundi,0.0,6374347,2000,"[('Tanzania', 72272.0), ('Sudan', 51746.0), ('Rwanda', 34616.0)]","[('Rwanda', 29159.0), ('Congo, Dem. Rep.', 13072.0), ('Tanzania', 6689.0)]"
Asia,Cambodia,0.01,12446949,2000,"[('United States', 140684.0), ('Germany', 46299.0), ('Thailand', 29620.0)]","[('Vietnam', 122104.0), ('Thailand', 100363.0), ('China', 5089.0)]"
Africa,Cameroon,0.01,15678269,2000,"[('Chad', 35126.0), ('Gabon', 23481.0), ('Nigeria', 16735.0)]","[('Nigeria', 72187.0), ('Chad', 65397.0), ('Congo, Dem. Rep.', 15382.0)]"
The Americas,Canada,0.28,30769700,2000,"[('United States', 950549.0), ('United Kingdom', 76106.0), ('France', 31846.0)]","[('United Kingdom', 606723.0), ('China', 336302.0), ('India', 313999.0)]"
Africa,Cape Verde,0.05,437238,2000,"[('Portugal', 43032.0), ('United States', 27182.0), ('Mozambique', 17363.0)]","[('Sao Tome and Principe', 3433.0), ('Angola', 2209.0), ('Portugal', 1810.0)]"
The Americas,Cayman Islands,0.27,40195,2000,"[('United States', 1012.0), ('Canada', 136.0), ('Puerto Rico', 80.0)]","[('Jamaica', 10628.0), ('United States', 3031.0), ('United Kingdom', 2344.0)]"
Africa,Central African Republic,0.0,3701607,2000,"[('Chad', 9142.0), ('Sudan', 2847.0), ('Congo, Dem. Rep.', 1979.0)]","[('Chad', 9103.0), ('Congo, Dem. Rep.', 4724.0), ('Cameroon', 1565.0)]"
Africa,Chad,0.0,8222327,2000,"[('Cameroon', 65397.0), ('Nigeria', 18127.0), ('Sudan', 12323.0)]","[('Cameroon', 35126.0), ('Nigeria', 16799.0), ('Sudan', 10800.0)]"
The Americas,Chile,0.22,15419820,2000,"[('Argentina', 219104.0), ('United States', 85597.0), ('Sweden', 26547.0)]","[('Argentina', 45713.0), ('Peru', 35416.0), ('Bolivia', 10556.0)]"
Asia,China,0.07,1262645000,2000,"[('Hong Kong SAR, China', 2164744.0), ('United States', 1016412.0), ('Singapore', 348383.0)]","[('Korea, Rep.', 47152.0), ('Korea, Dem. Rep.', 40337.0), ('Philippines', 17828.0)]"
The Americas,Colombia,0.06,39764166,2000,"[('Venezuela, RB', 617744.0), ('United States', 533019.0), ('Spain', 140748.0)]","[('Venezuela, RB', 37169.0), ('United States', 15062.0), ('Ecuador', 11366.0)]"
Africa,Comoros,0.0,562469,2000,"[('Mayotte', 29800.0), ('Madagascar', 7378.0), ('United Kingdom', 4902.0)]","[('Madagascar', 11403.0), ('Mayotte', 1010.0), ('France', 573.0)]"
Africa,"Congo, Dem. Rep.",0.0,49626200,2000,"[('Rwanda', 288278.0), ('Uganda', 86624.0), ('Sudan', 53612.0)]","[('France', 51717.0), ('Belgium', 34358.0), ('United Kingdom', 29360.0)]"
Africa,"Congo, Rep.",0.02,3135773,2000,"[('South Africa', 7316.0), ('Gabon', 7284.0), ('Zimbabwe', 4819.0)]","[('Congo, Dem. Rep.', 13781.0), ('Central African Republic', 1739.0), ('Angola', 1693.0)]"
The Americas,Costa Rica,0.05,3919180,2000,"[('United States', 76623.0), ('Nicaragua', 5469.0), ('Panama', 4735.0)]","[('Nicaragua', 226582.0), ('Panama', 10279.0), ('United States', 9520.0)]"
Africa,Cote d'Ivoire,0.03,16581653,2000,"[('Burkina Faso', 418038.0), ('Mali', 74193.0), ('Italy', 12381.0)]","[('Burkina Faso', 1252098.0), ('Mali', 444425.0), ('Guinea', 129807.0)]"
Europe,Croatia,0.23,4426000,2000,"[('Germany', 224721.0), ('Austria', 85547.0), ('United States', 58970.0)]","[('Bosnia and Herzegovina', 459328.0), ('Serbia and Montenegro', 87639.0), ('Slovenia', 22177.0)]"
The Americas,Cuba,0.0,11104313,2000,"[('United States', 894560.0), ('Spain', 40965.0), ('United Kingdom', 18288.0)]","[('Spain', 5209.0), ('Russian Federation', 2186.0), ('Haiti', 1005.0)]"
Europe,Cyprus,0.23,943294,2000,"[('United Kingdom', 79291.0), ('France', 29024.0), ('Australia', 19299.0)]","[('United Kingdom', 16800.0), ('Greece', 10857.0), ('Georgia', 6945.0)]"
Europe,Czech Republic,0.42,10272322,2000,"[('Germany', 402366.0), ('France', 220766.0), ('Slovak Republic', 74910.0)]","[('Slovak Republic', 287874.0), ('Ukraine', 33595.0), ('Poland', 24924.0)]"
Europe,Denmark,0.63,5339616,2000,"[('Sweden', 37783.0), ('United States', 33156.0), ('France', 26958.0)]","[('Turkey', 29369.0), ('Bosnia and Herzegovina', 28233.0), ('Germany', 26565.0)]"
Africa,Djibouti,0.0,731930,2000,"[('Ethiopia', 1513.0), ('United Kingdom', 919.0), ('Canada', 486.0)]","[('Somalia', 41968.0), ('Ethiopia', 25437.0), ('Eritrea', 3259.0)]"
The Americas,Dominica,0.02,69672,2000,"[('United States', 17967.0), ('Guadeloupe', 6275.0), ('Virgin Islands (U.S.)', 4919.0)]","[('Guadeloupe', 846.0), ('United Kingdom', 352.0), ('United States', 348.0)]"
The Americas,Dominican Republic,0.08,8591967,2000,"[('United States', 706894.0), ('Spain', 35587.0), ('Italy', 17851.0)]","[('Haiti', 228274.0), ('Venezuela, RB', 17358.0), ('United States', 11114.0)]"
The Americas,Ecuador,0.04,12345023,2000,"[('United States', 302705.0), ('Spain', 176212.0), ('Venezuela, RB', 29027.0)]","[('Colombia', 50510.0), ('United States', 10824.0), ('Peru', 5090.0)]"
Africa,"Egypt, Arab Rep.",0.02,67648419,2000,"[('Saudi Arabia', 980205.0), ('Libya', 318394.0), ('United Arab Emirates', 133986.0)]","[('West Bank and Gaza', 41067.0), ('Sudan', 15809.0), ('Germany', 9983.0)]"
The Americas,El Salvador,0.13,5940305,2000,"[('United States', 827583.0), ('Canada', 38167.0), ('Guatemala', 11854.0)]","[('Honduras', 8802.0), ('Guatemala', 6698.0), ('Nicaragua', 5896.0)]"
Africa,Equatorial Guinea,0.01,520380,2000,"[('Gabon', 38709.0), ('Spain', 10778.0), ('Nigeria', 3153.0)]","[('Cameroon', 1863.0), ('Spain', 741.0), ('Nigeria', 609.0)]"
Africa,Eritrea,0.0,3667576,2000,"[('Ethiopia', 255018.0), ('Saudi Arabia', 30072.0), ('United States', 17438.0)]","[('Uganda', 2854.0), ('Sudan', 1667.0), ('Congo, Dem. Rep.', 1335.0)]"
Europe,Estonia,0.41,1369515,2000,"[('Russian Federation', 67402.0), ('Germany', 42892.0), ('Finland', 31597.0)]","[('Russian Federation', 190599.0), ('Ukraine', 25185.0), ('Belarus', 14883.0)]"
Africa,Ethiopia,0.0,65577897,2000,"[('United States', 71578.0), ('Israel', 66967.0), ('Djibouti', 25437.0)]","[('Eritrea', 255018.0), ('Somalia', 101938.0), ('Rwanda', 12420.0)]"
Europe,Faeroe Islands,0.37,45743,2000,"[('Denmark', 9914.0), ('France', 2665.0), ('Norway', 921.0)]","[('Iceland', 411.0), ('Norway', 216.0), ('Poland', 202.0)]"
Oceania,Fiji,0.07,811718,2000,"[('Australia', 43695.0), ('United States', 31505.0), ('New Zealand', 25402.0)]","[('India', 4531.0), ('Australia', 1526.0), ('New Zealand', 1428.0)]"
Europe,Finland,0.72,5176209,2000,"[('Sweden', 193364.0), ('France', 79086.0), ('United States', 23608.0)]","[('Estonia', 31597.0), ('Sweden', 28981.0), ('Russian Federation', 10527.0)]"
Europe,France,0.48,60910922,2000,"[('United States', 198061.0), ('Spain', 126435.0), ('United Kingdom', 116631.0)]","[('Algeria', 1057135.0), ('Poland', 800387.0), ('Tunisia', 310949.0)]"
Oceania,French Polynesia,0.17,237638,2000,"[('United States', 7709.0), ('New Caledonia', 3514.0), ('France', 477.0)]","[('France', 21581.0), ('New Caledonia', 2934.0), ('South Africa', 709.0)]"
Africa,Gabon,0.1,1235274,2000,"[('Mali', 4543.0), ('Ghana', 4040.0), ('Germany', 1228.0)]","[('Equatorial Guinea', 38709.0), ('Mali', 26445.0), ('Benin', 25017.0)]"
Africa,"Gambia, The",0.0,1297084,2000,"[('Senegal', 7374.0), ('Spain', 5083.0), ('Nigeria', 4312.0)]","[('Senegal', 98366.0), ('Guinea', 33489.0), ('Guinea-Bissau', 10281.0)]"
Asia,Georgia,0.04,4418300,2000,"[('Russian Federation', 628973.0), ('Israel', 86254.0), ('Germany', 75104.0)]","[('Russian Federation', 119977.0), ('Ukraine', 41382.0), ('Armenia', 23674.0)]"
Europe,Germany,0.59,82211508,2000,"[('United States', 1250815.0), ('United Kingdom', 338110.0), ('Turkey', 272995.0)]","[('Turkey', 2008979.0), ('Poland', 1999975.0), ('Russian Federation', 978793.0)]"
Africa,Ghana,0.01,19165490,2000,"[('Nigeria', 123169.0), (""Cote d'Ivoire"", 75072.0), ('United States', 68432.0)]","[('Togo', 40506.0), ('Burkina Faso', 31964.0), ('Mauritania', 28145.0)]"
Europe,Greece,0.54,10917482,2000,"[('Germany', 367554.0), ('United States', 179950.0), ('Australia', 115342.0)]","[('Albania', 420838.0), ('Bulgaria', 33726.0), ('Georgia', 21977.0)]"
The Americas,Greenland,0.27,56200,2000,"[('Denmark', 11934.0), ('France', 1760.0), ('Guatemala', 248.0)]","[('Denmark', 6808.0), ('Faeroe Islands', 182.0), ('Mexico', 43.0)]"
The Americas,Grenada,0.04,101522,2000,"[('United States', 27847.0), ('Trinidad and Tobago', 11335.0), ('Canada', 8755.0)]","[('Trinidad and Tobago', 3072.0), ('United States', 1317.0), ('St. Vincent and the Grenadines', 605.0)]"
Oceania,Guam,0.18,155147,2000,"[('United States', 47896.0), ('Northern Mariana Islands', 1607.0), ('Philippines', 1016.0)]","[('Philippines', 32675.0), ('United States', 19125.0), ('Micronesia, Fed. Sts.', 6994.0)]"
The Americas,Guatemala,0.08,11237101,2000,"[('United States', 489507.0), ('Mexico', 24148.0), ('Belize', 14672.0)]","[('El Salvador', 11854.0), ('Mexico', 10901.0), ('Nicaragua', 5321.0)]"
Africa,Guinea,0.01,8344486,2000,"[(""Cote d'Ivoire"", 129807.0), ('Senegal', 74213.0), ('Sierra Leone', 58908.0)]","[('Liberia', 117820.0), ('Sierra Leone', 97669.0), ('Mali', 9945.0)]"
Africa,Guinea-Bissau,0.0,1240655,2000,"[('Senegal', 42094.0), ('Gambia, The', 10281.0), ('Nigeria', 3206.0)]","[('Senegal', 6407.0), ('Guinea', 3547.0), ('Gambia, The', 513.0)]"
The Americas,Guyana,0.05,733101,2000,"[('United States', 219060.0), ('Canada', 82057.0), ('Suriname', 7919.0)]","[('Suriname', 2245.0), ('Brazil', 1042.0), ('Venezuela, RB', 1025.0)]"
The Americas,Haiti,0.01,8645371,2000,"[('United States', 435259.0), ('Dominican Republic', 228274.0), ('Canada', 52606.0)]","[('Dominican Republic', 12882.0), ('Cuba', 5379.0), ('United States', 3046.0)]"
The Americas,Honduras,0.02,6218151,2000,"[('United States', 288779.0), ('Nicaragua', 10960.0), ('El Salvador', 8802.0)]","[('El Salvador', 6644.0), ('Nicaragua', 5713.0), ('United States', 4946.0)]"
Asia,"Hong Kong SAR, China",0.82,6665000,2000,"[('Canada', 234201.0), ('United States', 207845.0), ('United Kingdom', 143805.0)]","[('China', 2164744.0), ('Malaysia', 70681.0), ('Macao SAR, China', 69229.0)]"
Europe,Hungary,0.3,10210971,2000,"[('United States', 93543.0), ('Germany', 71830.0), ('Canada', 49398.0)]","[('Romania', 133077.0), ('Serbia and Montenegro', 31051.0), ('Germany', 16733.0)]"
Europe,Iceland,0.76,281205,2000,"[('Germany', 6984.0), ('Denmark', 5750.0), ('Norway', 3860.0)]","[('Denmark', 2306.0), ('Sweden', 1549.0), ('Poland', 1493.0)]"
Asia,India,0.0,1053898107,2000,"[('Pakistan', 2512906.0), ('United States', 1041320.0), ('Saudi Arabia', 1007649.0)]","[('Bangladesh', 3789377.0), ('Pakistan', 1331659.0), ('Nepal', 649166.0)]"
Asia,Indonesia,0.02,213395411,2000,"[('Malaysia', 885328.0), ('Saudi Arabia', 286600.0), ('Netherlands', 155137.0)]","[('China', 81323.0), ('Taiwan, China', 11058.0), ('United Kingdom', 8517.0)]"
Middle East,"Iran, Islamic Rep.",0.01,65342319,2000,"[('United States', 294355.0), ('Germany', 108486.0), ('United Arab Emirates', 76907.0)]","[('Afghanistan', 762129.0), ('Iraq', 169650.0), ('Pakistan', 8372.0)]"
Middle East,Iraq,0.0,24313641,2000,"[('Iran, Islamic Rep.', 169650.0), ('Kuwait', 159233.0), ('United States', 93991.0)]","[('Kuwait', 8301.0), ('Egypt, Arab Rep.', 2510.0), ('Iran, Islamic Rep.', 1923.0)]"
Europe,Ireland,0.65,3805174,2000,"[('United Kingdom', 636751.0), ('France', 181039.0), ('United States', 163136.0)]","[('United Kingdom', 227440.0), ('United States', 24104.0), ('Germany', 10126.0)]"
Europe,Isle of Man,NA,76803,2000,"[('Afghanistan', 0), ('Albania', 0), ('Algeria', 0)]","[('Guadeloupe', 0), ('Somalia', 0), ('Tuvalu', 0)]"
Middle East,Israel,0.7,6289000,2000,"[('West Bank and Gaza', 479728.0), ('United States', 125896.0), ('Canada', 16897.0)]","[('Russian Federation', 420072.0), ('Azerbaijan', 225396.0), ('Morocco', 187826.0)]"
Europe,Italy,0.74,56942108,2000,"[('Germany', 629291.0), ('United States', 547833.0), ('Switzerland', 336726.0)]","[('Morocco', 286498.0), ('Albania', 275300.0), ('Romania', 119123.0)]"
The Americas,Jamaica,0.14,2589389,2000,"[('United States', 575845.0), ('United Kingdom', 152843.0), ('Canada', 118874.0)]","[('United States', 6169.0), ('United Kingdom', 4722.0), ('Haiti', 1449.0)]"
Asia,Japan,0.53,126870000,2000,"[('United States', 500527.0), ('Brazil', 70837.0), ('United Kingdom', 59546.0)]","[('Korea, Rep.', 685943.0), ('China', 335495.0), ('Brazil', 242246.0)]"
Middle East,Jordan,0.08,4797500,2000,"[('Kuwait', 434725.0), ('West Bank and Gaza', 269988.0), ('Saudi Arabia', 127456.0)]","[('West Bank and Gaza', 104718.0), ('Egypt, Arab Rep.', 102174.0), ('Iraq', 36440.0)]"
Asia,Kazakhstan,0.01,14883626,2000,"[('Russian Federation', 2584955.0), ('Ukraine', 245072.0), ('Uzbekistan', 164799.0)]","[('Russian Federation', 1931909.0), ('Ukraine', 402671.0), ('Uzbekistan', 109989.0)]"
Africa,Kenya,0.0,31253701,2000,"[('United Kingdom', 130511.0), ('United States', 43978.0), ('Uganda', 43186.0)]","[('Uganda', 351083.0), ('Tanzania', 61151.0), ('Sudan', 48296.0)]"
Oceania,Kiribati,0.0,84010,2000,"[('United States', 6471.0), ('Naura', 1950.0), ('Solomon Islands', 1404.0)]","[('Tuvalu', 1040.0), ('Australia', 174.0), ('Fiji', 108.0)]"
Asia,"Korea, Dem. Rep.",0.0,22894095,2000,"[('Korea, Rep.', 431629.0), ('China', 40337.0), ('Hong Kong SAR, China', 29763.0)]","[('China', 20739.0), ('Korea, Rep.', 4185.0), ('Philippines', 1582.0)]"
Asia,"Korea, Rep.",0.57,47008000,2000,"[('United States', 896982.0), ('Japan', 685943.0), ('Canada', 80541.0)]","[('Korea, Dem. Rep.', 431629.0), ('China', 48165.0), ('Japan', 13517.0)]"
Europe,Kosovo,NA,1700000,2000,"[('Afghanistan', 0), ('Albania', 0), ('Algeria', 0)]","[('Guadeloupe', 0), ('Somalia', 0), ('Tuvalu', 0)]"
Middle East,Kuwait,0.25,1940786,2000,"[('West Bank and Gaza', 156362.0), ('Saudi Arabia', 101301.0), ('United States', 22703.0)]","[('Jordan', 434725.0), ('Iraq', 159233.0), ('Egypt, Arab Rep.', 114162.0)]"
Asia,Kyrgyz Republic,0.0,4898400,2000,"[('Russian Federation', 463521.0), ('Kazakhstan', 73813.0), ('Uzbekistan', 64926.0)]","[('Russian Federation', 167792.0), ('Kazakhstan', 86404.0), ('Uzbekistan', 67084.0)]"
Asia,Lao PDR,0.0,5317060,2000,"[('United States', 213399.0), ('Thailand', 46108.0), ('Germany', 34298.0)]","[('Vietnam', 13401.0), ('China', 3991.0), ('Thailand', 2203.0)]"
Europe,Latvia,0.17,2372985,2000,"[('Russian Federation', 102518.0), ('United States', 69779.0), ('Germany', 56469.0)]","[('Russian Federation', 238521.0), ('Belarus', 79328.0), ('Ukraine', 53535.0)]"
Middle East,Lebanon,0.2,3742329,2000,"[('United States', 113215.0), ('Kuwait', 76410.0), ('Australia', 70359.0)]","[('Egypt, Arab Rep.', 37538.0), ('India', 35326.0), ('Afghanistan', 23718.0)]"
Africa,Lesotho,0.01,1963878,2000,"[('South Africa', 114095.0), ('Malawi', 30454.0), ('Mozambique', 19502.0)]","[('South Africa', 3140.0), ('Australia', 913.0), ('New Zealand', 354.0)]"
Africa,Liberia,0.0,2847290,2000,"[('Guinea', 117820.0), (""Cote d'Ivoire"", 44023.0), ('United States', 42949.0)]","[('Guinea', 40011.0), ('Ghana', 12790.0), ('Sierra Leone', 9774.0)]"
Africa,Libya,0.01,5231189,2000,"[('United States', 35552.0), ('Israel', 21830.0), ('Sudan', 18928.0)]","[('Egypt, Arab Rep.', 318394.0), ('Tunisia', 67943.0), ('West Bank and Gaza', 45111.0)]"
Europe,Liechtenstein,0.3,32853,2000,"[('Germany', 1756.0), ('Switzerland', 1713.0), ('Austria', 515.0)]","[('Switzerland', 4097.0), ('Austria', 2132.0), ('Germany', 1077.0)]"
Europe,Lithuania,0.15,3499536,2000,"[('Germany', 126069.0), ('Russian Federation', 86199.0), ('Poland', 85576.0)]","[('Russian Federation', 95737.0), ('Belarus', 56314.0), ('Ukraine', 20225.0)]"
Europe,Luxembourg,0.7,436300,2000,"[('Germany', 6075.0), ('Belgium', 4448.0), ('Portugal', 3477.0)]","[('Portugal', 41352.0), ('France', 18733.0), ('Belgium', 14687.0)]"
Asia,"Macao SAR, China",0.33,431867,2000,"[('Hong Kong SAR, China', 69229.0), ('Canada', 6680.0), ('China', 6005.0)]","[('China', 203877.0), ('Hong Kong SAR, China', 14212.0), ('Korea, Dem. Rep.', 10084.0)]"
Europe,"Macedonia, FYR",0.06,2009091,2000,"[('Switzerland', 58224.0), ('Germany', 54994.0), ('Italy', 44657.0)]","[('Greece', 18800.0), ('Germany', 14480.0), ('Poland', 8269.0)]"
Africa,Madagascar,0.0,15364272,2000,"[('United Kingdom', 31476.0), ('Comoros', 11403.0), ('United States', 3522.0)]","[('France', 13633.0), ('Comoros', 7378.0), ('India', 5878.0)]"
Africa,Malawi,0.0,11228756,2000,"[('Zimbabwe', 142229.0), ('South Africa', 26143.0), ('Zambia', 15551.0)]","[('Mozambique', 110451.0), ('Zimbabwe', 57580.0), ('Lesotho', 30454.0)]"
Asia,Malaysia,0.22,23414909,2000,"[('Singapore', 725607.0), ('Australia', 77737.0), ('Hong Kong SAR, China', 70681.0)]","[('Indonesia', 885328.0), ('Philippines', 175740.0), ('Bangladesh', 77856.0)]"
Asia,Maldives,0.03,273236,2000,"[('India', 240.0), ('Australia', 170.0), ('New Zealand', 38.0)]","[('Bangladesh', 1664.0), ('Pakistan', 592.0), ('Nepal', 285.0)]"
Africa,Mali,0.0,11295324,2000,"[(""Cote d'Ivoire"", 444425.0), ('Nigeria', 90128.0), ('Burkina Faso', 64438.0)]","[(""Cote d'Ivoire"", 74193.0), ('Burkina Faso', 21397.0), ('Guinea', 15563.0)]"
Europe,Malta,0.3,381363,2000,"[('Australia', 46557.0), ('France', 9528.0), ('Canada', 9255.0)]","[('United Kingdom', 4361.0), ('Australia', 682.0), ('Italy', 503.0)]"
Oceania,Marshall Islands,0.01,52145,2000,"[('United States', 5161.0), ('Micronesia, Fed. Sts.', 311.0), ('Northern Mariana Islands', 131.0)]","[('United Kingdom', 796.0), ('New Zealand', 170.0), ('Australia', 168.0)]"
Africa,Mauritania,0.01,2642743,2000,"[('Ghana', 28145.0), ('Senegal', 22780.0), ('Nigeria', 11938.0)]","[('Senegal', 40517.0), ('Mali', 8043.0), ('Guinea', 3262.0)]"
Africa,Mauritius,0.15,1186873,2000,"[('United Kingdom', 23919.0), ('Australia', 16958.0), ('Italy', 10572.0)]","[('China', 19986.0), ('India', 8185.0), ('France', 2479.0)]"
The Americas,Mexico,0.14,99959594,2000,"[('United States', 9367910.0), ('Canada', 42939.0), ('Russian Federation', 25104.0)]","[('United States', 350626.0), ('Guatemala', 24148.0), ('Spain', 21133.0)]"
Oceania,"Micronesia, Fed. Sts.",0.0,107103,2000,"[('Guam', 6994.0), ('Northern Mariana Islands', 2218.0), ('Philippines', 1768.0)]","[('Philippines', 647.0), ('United States', 629.0), ('China', 397.0)]"
Europe,Moldova,0.04,3639588,2000,"[('Russian Federation', 277527.0), ('Ukraine', 165126.0), ('Romania', 39157.0)]","[('Ukraine', 218596.0), ('Russian Federation', 203909.0), ('Kazakhstan', 17294.0)]"
Europe,Monaco,NA,35126,2000,"[('France', 1097.0), ('Thailand', 325.0), ('Germany', 222.0)]","[('France', 7135.0), ('Poland', 2306.0), ('Algeria', 1000.0)]"
Asia,Mongolia,0.06,2411369,2000,"[('Hungary', 1416.0), ('Czech Republic', 572.0), ('Switzerland', 329.0)]","[('Russian Federation', 3367.0), ('China', 2442.0), ('Kazakhstan', 646.0)]"
Europe,Montenegro,NA,632606,2000,"[('Afghanistan', 0), ('Albania', 0), ('Algeria', 0)]","[('Guadeloupe', 0), ('Somalia', 0), ('Tuvalu', 0)]"
Africa,Morocco,0.08,28793236,2000,"[('Italy', 286498.0), ('France', 262462.0), ('Spain', 253173.0)]","[('France', 24973.0), ('Algeria', 13233.0), ('Spain', 13040.0)]"
Africa,Mozambique,0.0,18200656,2000,"[('South Africa', 264572.0), ('Malawi', 110451.0), ('Zimbabwe', 95036.0)]","[('South Africa', 159113.0), ('Zimbabwe', 46688.0), ('Portugal', 35888.0)]"
Asia,Myanmar,0.0,44957660,2000,"[('Thailand', 171759.0), ('India', 60627.0), ('United States', 35623.0)]","[('China', 45384.0), ('India', 35178.0), ('Pakistan', 3501.0)]"
Africa,Namibia,0.04,1895839,2000,"[('South Africa', 44473.0), ('Malawi', 8155.0), ('Zambia', 2023.0)]","[('Angola', 52200.0), ('South Africa', 27234.0), ('Zambia', 9717.0)]"
Asia,Nepal,0.0,24400606,2000,"[('India', 649166.0), ('Pakistan', 34515.0), ('Thailand', 21350.0)]","[('India', 563571.0), ('Pakistan', 15925.0), ('Bhutan', 2362.0)]"
Europe,Netherlands,0.68,15925513,2000,"[('Canada', 115944.0), ('Germany', 112253.0), ('United States', 106397.0)]","[('Suriname', 178273.0), ('Turkey', 176306.0), ('Indonesia', 155137.0)]"
Oceania,New Caledonia,0.23,213230,2000,"[('France', 9450.0), ('Reunion', 5596.0), ('French Polynesia', 2934.0)]","[('France', 24944.0), ('Wallis and Futuna', 7165.0), ('Vanuatu', 4064.0)]"
Oceania,New Zealand,0.4,3857800,2000,"[('Australia', 350498.0), ('United Kingdom', 60530.0), ('United States', 26771.0)]","[('United Kingdom', 221729.0), ('Australia', 56375.0), ('Samoa', 46795.0)]"
The Americas,Nicaragua,0.02,5073704,2000,"[('United States', 229386.0), ('Costa Rica', 226582.0), ('Canada', 9279.0)]","[('Honduras', 10960.0), ('Costa Rica', 5469.0), ('United States', 3416.0)]"
Africa,Niger,0.0,10922421,2000,"[('Nigeria', 58115.0), (""Cote d'Ivoire"", 57705.0), ('Benin', 45137.0)]","[('Mali', 58083.0), ('Burkina Faso', 27134.0), ('Nigeria', 24758.0)]"
Africa,Nigeria,0.0,123688536,2000,"[('United States', 141571.0), ('United Kingdom', 106221.0), ('Cameroon', 72187.0)]","[('Benin', 157826.0), ('Ghana', 123169.0), ('Mali', 90128.0)]"
Europe,Norway,0.72,4490967,2000,"[('Sweden', 42012.0), ('Germany', 41266.0), ('United States', 38323.0)]","[('Sweden', 34109.0), ('Denmark', 22173.0), ('United States', 15273.0)]"
Middle East,Oman,0.07,2264163,2000,"[('United Arab Emirates', 116710.0), ('West Bank and Gaza', 90518.0), ('Kuwait', 39307.0)]","[('India', 312053.0), ('Bangladesh', 102360.0), ('Pakistan', 73001.0)]"
Asia,Pakistan,0.0,144522192,2000,"[('India', 1331659.0), ('Saudi Arabia', 638606.0), ('United Arab Emirates', 569556.0)]","[('India', 2512906.0), ('Bangladesh', 48910.0), ('Nepal', 34515.0)]"
The Americas,Panama,0.14,2956126,2000,"[('United States', 146882.0), ('Costa Rica', 10279.0), ('Canada', 2483.0)]","[('Colombia', 21845.0), ('China', 9433.0), ('Dominican Republic', 5962.0)]"
Oceania,Papua New Guinea,0.0,5378824,2000,"[('Australia', 23266.0), ('United States', 9189.0), ('Solomon Islands', 1573.0)]","[('Australia', 8463.0), ('United Kingdom', 2504.0), ('New Zealand', 1897.0)]"
The Americas,Paraguay,0.15,5343539,2000,"[('Argentina', 331688.0), ('Brazil', 28828.0), ('United States', 13715.0)]","[('Brazil', 82987.0), ('Argentina', 64284.0), ('Uruguay', 3305.0)]"
The Americas,Peru,0.05,25861887,2000,"[('United States', 285925.0), ('Argentina', 91182.0), ('Italy', 46851.0)]","[('United States', 4829.0), ('Chile', 4033.0), ('Argentina', 3586.0)]"
Asia,Philippines,0.08,77309965,2000,"[('United States', 1505820.0), ('Saudi Arabia', 369850.0), ('Canada', 233010.0)]","[('China', 125278.0), ('United States', 36157.0), ('United Kingdom', 32865.0)]"
Europe,Poland,0.18,38453757,2000,"[('Germany', 1999975.0), ('France', 800387.0), ('United States', 490599.0)]","[('Ukraine', 331462.0), ('Belarus', 113204.0), ('Germany', 108175.0)]"
Europe,Portugal,0.65,10225836,2000,"[('Brazil', 212917.0), ('United States', 212370.0), ('Canada', 151562.0)]","[('Angola', 167578.0), ('France', 93565.0), ('Mozambique', 74227.0)]"
The Americas,Puerto Rico,0.35,3810605,2000,"[('United States', 1455095.0), ('Dominican Republic', 10690.0), ('Russian Federation', 7564.0)]","[('United States', 243628.0), ('France', 14326.0), ('Haiti', 12809.0)]"
Middle East,Qatar,0.2,590957,2000,"[('Canada', 1083.0), ('West Bank and Gaza', 1052.0), ('Kuwait', 338.0)]","[('Egypt, Arab Rep.', 56093.0), ('India', 52788.0), ('Afghanistan', 35442.0)]"
Europe,Romania,0.11,22442971,2000,"[('Germany', 324085.0), ('United States', 140085.0), ('Israel', 139278.0)]","[('Moldova', 39157.0), ('Bulgaria', 19786.0), ('Ukraine', 15114.0)]"
Europe,Russian Federation,0.02,146303000,2000,"[('Ukraine', 3613240.0), ('Kazakhstan', 1931909.0), ('Germany', 978793.0)]","[('Ukraine', 3559975.0), ('Kazakhstan', 2584955.0), ('Belarus', 935782.0)]"
Africa,Rwanda,0.0,8098344,2000,"[('Uganda', 65400.0), ('Sudan', 60380.0), ('Burundi', 29159.0)]","[('Congo, Dem. Rep.', 288278.0), ('Burundi', 34616.0), ('Uganda', 16028.0)]"
Oceania,Samoa,0.01,176549,2000,"[('New Zealand', 46795.0), ('American Samoa', 17777.0), ('United States', 17467.0)]","[('American Samoa', 1920.0), ('New Zealand', 1803.0), ('United States', 444.0)]"
Europe,San Marino,0.54,26967,2000,"[('Italy', 3115.0), ('Germany', 401.0), ('Switzerland', 33.0)]","[('United States', 3730.0), ('France', 1066.0), ('Belgium', 799.0)]"
Africa,Sao Tome and Principe,0.0,141010,2000,"[('Portugal', 12267.0), ('Angola', 5915.0), ('Cape Verde', 3433.0)]","[('Cape Verde', 3607.0), ('Angola', 940.0), ('Portugal', 261.0)]"
Middle East,Saudi Arabia,0.07,20045276,2000,"[('West Bank and Gaza', 86899.0), ('Kuwait', 33493.0), ('United States', 27946.0)]","[('India', 1007649.0), ('Egypt, Arab Rep.', 980205.0), ('Pakistan', 638606.0)]"
Africa,Senegal,0.03,9505862,2000,"[('Gambia, The', 98366.0), ('Italy', 49590.0), ('Mauritania', 40517.0)]","[('Guinea', 74213.0), ('Guinea-Bissau', 42094.0), ('Mauritania', 22780.0)]"
Europe,Serbia,NA,7516346,2000,"[('Afghanistan', 0), ('Albania', 0), ('Algeria', 0)]","[('Guadeloupe', 0), ('Somalia', 0), ('Tuvalu', 0)]"
Africa,Seychelles,0.32,81131,2000,"[('United States', 2572.0), ('Australia', 2438.0), ('United Kingdom', 1434.0)]","[('India', 1650.0), ('Sri Lanka', 924.0), ('United Kingdom', 536.0)]"
Africa,Sierra Leone,0.0,4143115,2000,"[('Guinea', 97669.0), ('United States', 22044.0), ('Liberia', 9774.0)]","[('Guinea', 58908.0), ('Liberia', 21026.0), ('Gambia, The', 2386.0)]"
Asia,Singapore,0.68,4027900,2000,"[('Hong Kong SAR, China', 68886.0), ('Malaysia', 65444.0), ('United Kingdom', 40985.0)]","[('Malaysia', 725607.0), ('China', 348383.0), ('India', 105187.0)]"
Europe,Slovak Republic,0.23,5388720,2000,"[('Czech Republic', 287874.0), ('Germany', 118829.0), ('France', 58839.0)]","[('Czech Republic', 74910.0), ('Hungary', 17138.0), ('Ukraine', 7468.0)]"
Europe,Slovenia,0.61,1988925,2000,"[('Croatia', 22177.0), ('Germany', 21893.0), ('Austria', 9722.0)]","[('Bosnia and Herzegovina', 69279.0), ('Croatia', 48609.0), ('Serbia and Montenegro', 26951.0)]"
Oceania,Solomon Islands,0.0,408732,2000,"[('Australia', 1307.0), ('New Zealand', 497.0), ('United States', 360.0)]","[('Papua New Guinea', 1573.0), ('Kiribati', 1404.0), ('Australia', 512.0)]"
Africa,Somalia,0.01,7399033,2000,"[('Ethiopia', 101938.0), ('Djibouti', 41968.0), ('United States', 36762.0)]","[('Uganda', 5474.0), ('Sudan', 3197.0), ('Congo, Dem. Rep.', 2561.0)]"
Africa,South Africa,0.19,44000000,2000,"[('Mozambique', 159113.0), ('United Kingdom', 143298.0), ('Australia', 79021.0)]","[('Mozambique', 264572.0), ('Zimbabwe', 129558.0), ('United Kingdom', 126343.0)]"
Europe,Spain,0.6,40263216,2000,"[('France', 151566.0), ('Argentina', 137084.0), ('Germany', 133635.0)]","[('Morocco', 253173.0), ('Ecuador', 176212.0), ('Colombia', 140748.0)]"
Asia,Sri Lanka,0.02,19102000,2000,"[('India', 185572.0), ('Saudi Arabia', 111001.0), ('Canada', 89335.0)]","[('India', 384789.0), ('Bangladesh', 3902.0), ('Pakistan', 2310.0)]"
The Americas,St. Kitts and Nevis,0.03,44286,2000,"[('United States', 11101.0), ('Virgin Islands (U.S.)', 7069.0), ('Puerto Rico', 3007.0)]","[('United States', 815.0), ('Guyana', 600.0), ('Dominican Republic', 368.0)]"
The Americas,St. Lucia,0.02,155996,2000,"[('United States', 14151.0), ('French Guiana', 12026.0), ('Barbados', 3970.0)]","[('Guyana', 1547.0), ('United States', 943.0), ('Trinidad and Tobago', 632.0)]"
The Americas,St. Vincent and the Grenadines,0.02,107891,2000,"[('United States', 22249.0), ('Canada', 8643.0), ('Trinidad and Tobago', 8528.0)]","[('Trinidad and Tobago', 2138.0), ('Guyana', 581.0), ('United Kingdom', 554.0)]"
Africa,Sudan,0.0,27556383,2000,"[('Saudi Arabia', 198887.0), ('Uganda', 149360.0), ('Kenya', 48296.0)]","[('Rwanda', 60380.0), ('Congo, Dem. Rep.', 53612.0), ('Burundi', 51746.0)]"
The Americas,Suriname,0.09,466846,2000,"[('Netherlands', 178273.0), ('France', 28022.0), ('United Kingdom', 15444.0)]","[('Guyana', 7919.0), ('Netherlands', 7360.0), ('Brazil', 4917.0)]"
Africa,Swaziland,0.03,1010787,2000,"[('South Africa', 31891.0), ('Malawi', 6994.0), ('Mozambique', 3135.0)]","[('South Africa', 15404.0), ('Mozambique', 14943.0), ('Zimbabwe', 1025.0)]"
Europe,Sweden,0.72,8872109,2000,"[('United States', 55584.0), ('Norway', 34109.0), ('Finland', 28981.0)]","[('Finland', 193364.0), ('Serbia and Montenegro', 71180.0), ('Bosnia and Herzegovina', 50956.0)]"
Europe,Switzerland,0.65,7184250,2000,"[('United States', 51605.0), ('Spain', 43159.0), ('Germany', 38509.0)]","[('Italy', 336726.0), ('Serbia and Montenegro', 223145.0), ('Portugal', 148832.0)]"
Middle East,Syrian Arab Republic,0.0,15988534,2000,"[('Saudi Arabia', 105266.0), ('Kuwait', 101634.0), ('United States', 55753.0)]","[('West Bank and Gaza', 458611.0), ('India', 10438.0), ('Afghanistan', 9172.0)]"
Asia,Tajikistan,0.0,6172807,2000,"[('Russian Federation', 383057.0), ('Uzbekistan', 68534.0), ('Ukraine', 32386.0)]","[('Russian Federation', 176029.0), ('Uzbekistan', 65152.0), ('Ukraine', 32679.0)]"
Africa,Tanzania,0.0,34038161,2000,"[('Kenya', 61151.0), ('Sudan', 28388.0), ('Uganda', 25928.0)]","[('Burundi', 72272.0), ('Mozambique', 44345.0), ('Kenya', 31182.0)]"
Asia,Thailand,0.05,63155029,2000,"[('United States', 186520.0), ('Taiwan, China', 143484.0), ('Cambodia', 100363.0)]","[('China', 224153.0), ('Myanmar', 171759.0), ('Lao PDR', 46108.0)]"
Asia,Timor-Leste,NA,830089,2000,"[('Australia', 9250.0), ('Portugal', 2442.0), ('Philippines', 1648.0)]","[('Indonesia', 8334.0), ('China', 245.0), ('Philippines', 172.0)]"
Africa,Togo,0.01,4793504,2000,"[('Nigeria', 76914.0), (""Cote d'Ivoire"", 42108.0), ('Ghana', 40506.0)]","[('Benin', 64427.0), ('Ghana', 28291.0), ('Nigeria', 18989.0)]"
Oceania,Tonga,0.0,97935,2000,"[('New Zealand', 17817.0), ('United States', 16694.0), ('Australia', 7596.0)]","[('United Kingdom', 266.0), ('Fiji', 203.0), ('Samoa', 94.0)]"
The Americas,Trinidad and Tobago,0.13,1292058,2000,"[('United States', 207679.0), ('Canada', 63625.0), ('United Kingdom', 8078.0)]","[('Grenada', 11335.0), ('St. Vincent and the Grenadines', 8528.0), ('Guyana', 5355.0)]"
Africa,Tunisia,0.01,9563500,2000,"[('France', 310949.0), ('Italy', 75808.0), ('Libya', 67943.0)]","[('Algeria', 15846.0), ('Morocco', 7165.0), ('France', 3648.0)]"
Europe,Turkey,0.25,63627862,2000,"[('Germany', 2008979.0), ('Austria', 179638.0), ('Netherlands', 176306.0)]","[('Bulgaria', 480716.0), ('Germany', 272995.0), ('Serbia and Montenegro', 112537.0)]"
Asia,Turkmenistan,0.0,4501419,2000,"[('Russian Federation', 175252.0), ('Uzbekistan', 42565.0), ('Kazakhstan', 33227.0)]","[('Russian Federation', 128858.0), ('Uzbekistan', 27020.0), ('Ukraine', 24323.0)]"
The Americas,Turks and Caicos Islands,NA,18873,2000,"[('Bahamas, The', 2423.0), ('Puerto Rico', 1240.0), ('United States', 314.0)]","[('Haiti', 2718.0), ('Bahamas, The', 940.0), ('United States', 508.0)]"
Africa,Uganda,0.01,24213120,2000,"[('Kenya', 351083.0), ('Sudan', 51331.0), ('United Kingdom', 29745.0)]","[('Sudan', 149360.0), ('Congo, Dem. Rep.', 86624.0), ('Rwanda', 65400.0)]"
Europe,Ukraine,0.02,49175848,2000,"[('Russian Federation', 3559975.0), ('United States', 444101.0), ('Kazakhstan', 402671.0)]","[('Russian Federation', 3613240.0), ('Belarus', 270751.0), ('Kazakhstan', 245072.0)]"
Middle East,United Arab Emirates,0.47,3033491,2000,"[('West Bank and Gaza', 32202.0), ('India', 14316.0), ('Kuwait', 8991.0)]","[('India', 751142.0), ('Pakistan', 569556.0), ('Egypt, Arab Rep.', 133986.0)]"
Europe,United Kingdom,0.74,58892514,2000,"[('Australia', 1026553.0), ('United States', 833858.0), ('Canada', 606723.0)]","[('Ireland', 636751.0), ('India', 524796.0), ('Pakistan', 350867.0)]"
The Americas,United States,0.39,282162411,2000,"[('Mexico', 350626.0), ('Canada', 270708.0), ('Puerto Rico', 243628.0)]","[('Mexico', 9367910.0), ('Philippines', 1505820.0), ('Puerto Rico', 1455095.0)]"
The Americas,Uruguay,0.12,3300847,2000,"[('Argentina', 119169.0), ('United States', 25507.0), ('Brazil', 24756.0)]","[('Argentina', 25146.0), ('Spain', 20682.0), ('Brazil', 12950.0)]"
Asia,Uzbekistan,0.0,24650400,2000,"[('Russian Federation', 918037.0), ('Ukraine', 242390.0), ('Kazakhstan', 109989.0)]","[('Russian Federation', 746535.0), ('Kazakhstan', 164799.0), ('Ukraine', 162266.0)]"
Oceania,Vanuatu,0.0,185074,2000,"[('New Caledonia', 4064.0), ('Australia', 888.0), ('United States', 492.0)]","[('Australia', 243.0), ('Samoa', 185.0), ('France', 120.0)]"
The Americas,"Venezuela, RB",0.22,24311000,2000,"[('United States', 118195.0), ('Spain', 54198.0), ('Colombia', 37169.0)]","[('Colombia', 617744.0), ('Spain', 77759.0), ('Portugal', 54250.0)]"
Asia,Vietnam,0.01,77630900,2000,"[('United States', 1028454.0), ('Australia', 152582.0), ('Canada', 146343.0)]","[('Indonesia', 10529.0), ('China', 8940.0), ('Malaysia', 4813.0)]"
The Americas,Virgin Islands (U.S.),0.32,108639,2000,"[('United States', 78966.0), ('Ghana', 4632.0), ('Puerto Rico', 1454.0)]","[('United States', 15745.0), ('St. Kitts and Nevis', 7069.0), ('Dominica', 4919.0)]"
Middle East,"Yemen, Rep.",0.0,17723186,2000,"[('Saudi Arabia', 348060.0), ('Kuwait', 57517.0), ('United Arab Emirates', 55955.0)]","[('Iraq', 53675.0), ('Azerbaijan', 41257.0), ('Iran, Islamic Rep.', 38342.0)]"
Africa,Zambia,0.01,10201562,2000,"[('Zimbabwe', 45838.0), ('South Africa', 23518.0), ('Malawi', 17987.0)]","[('Zimbabwe', 31538.0), ('Angola', 22777.0), ('Congo, Dem. Rep.', 16601.0)]"
Africa,Zimbabwe,0.02,12509477,2000,"[('South Africa', 129558.0), ('Malawi', 57580.0), ('United Kingdom', 49791.0)]","[('Malawi', 142229.0), ('Mozambique', 95036.0), ('Zambia', 45838.0)]"
